City_ID,City,Lat,Lng,Max Temp,Humidity,Cloudiness,Wind Speed,Country,Date
0,hithadhoo,-0.6,73.0833,300.75,73,68,7.39,MV,1675532198
1,punta arenas,-53.15,-70.9167,283.21,87,100,4.12,CL,1675532115
2,dunedin,-45.8742,170.5036,293.04,84,91,3.13,NZ,1675532032
3,morgan city,29.6994,-91.2068,287.04,54,0,2.57,US,1675532236
4,chokurdakh,70.6333,147.9167,239.35,98,37,3.77,RU,1675532173
5,atuona,-9.8,-139.0333,298.97,77,1,8.48,PF,1675532116
6,saint-philippe,-21.3585,55.7679,299.92,88,72,5.35,RE,1675532186
7,ajdabiya,30.7554,20.2263,286.49,57,85,2.53,LY,1675532240
8,mataura,-46.1927,168.8643,292.94,81,98,2.08,NZ,1675532113
9,albany,42.6001,-73.9662,261.3,41,40,0.89,US,1675532179
10,barrow,71.2906,-156.7887,243.16,76,40,4.12,US,1675532198
11,tasiilaq,65.6145,-37.6368,269.24,93,95,4.62,GL,1675532219
12,makinsk,52.6292,70.4169,252.85,99,54,2.74,KZ,1675532240
13,clyde,41.3042,-82.9752,271.64,50,15,9.52,US,1675532009
14,khatanga,71.9667,102.5,234.72,100,61,2.17,RU,1675532197
15,spassk-ryazanskiy,54.4072,40.3806,268.65,97,99,2.04,RU,1675532241
16,ribeira grande,38.5167,-28.7,290.37,88,75,4.92,PT,1675532221
17,mitu,1.1983,-70.1733,303.96,48,99,1.36,CO,1675532242
18,hermanus,-34.4187,19.2345,299.71,82,39,2.36,ZA,1675531742
19,provideniya,64.3833,-173.3,252.2,88,90,4.99,RU,1675531759
20,stillwater,36.1156,-97.0584,284.32,59,0,8.23,US,1675532243
21,puerto ayora,-0.7393,-90.3518,303.13,87,29,3.13,EC,1675532209
22,hokitika,-42.7167,170.9667,292.3,92,100,6.66,NZ,1675532243
23,invermere,50.5167,-116.0354,273.35,74,73,0.86,CA,1675532244
24,saint george,37.1041,-113.5841,282.83,47,0,0.89,US,1675532244
25,ushuaia,-54.8,-68.3,284.96,54,0,1.54,AR,1675532152
26,carnarvon,-24.8667,113.6333,298.72,75,3,2.48,AU,1675532192
27,grenaa,56.4158,10.8783,272.37,85,96,3.72,DK,1675532245
28,dubna,56.7333,37.1667,262.6,100,87,1.54,RU,1675532245
29,kapaa,22.0752,-159.319,296.33,93,100,3.6,US,1675532112
30,isangel,-19.55,169.2667,300.26,88,98,4.53,VU,1675532246
31,rikitea,-23.1203,-134.9692,298.95,77,4,8.12,PF,1675531954
32,matagami,49.7502,-77.6328,252.21,71,100,6.69,CA,1675532247
33,arraial do cabo,-22.9661,-42.0278,308.13,55,0,6.17,BR,1675532213
34,vaini,-21.2,-175.2,299.24,94,40,2.57,TO,1675532183
35,bereda,43.2686,-7.5406,281.01,96,1,2.15,ES,1675532247
36,azovo,54.6997,73.0237,258.01,100,90,1.31,RU,1675532248
37,kahului,20.8947,-156.47,296.95,77,40,8.75,US,1675532210
38,new norfolk,-42.7826,147.0587,286.99,64,82,0.89,AU,1675532248
39,kingisepp,59.3733,28.6134,267.08,90,96,3.59,RU,1675532249
40,makakilo city,21.3469,-158.0858,295.2,81,0,1.54,US,1675531756
41,newport,51.5877,-2.9984,282.84,88,100,3.08,GB,1675532059
42,veinticinco de mayo,-35.4323,-60.1727,303.7,48,0,0.89,AR,1675532249
43,bluff,-46.6,168.3333,290.59,89,98,3.92,NZ,1675532227
44,abnub,27.2696,31.1511,289.27,41,71,3.04,EG,1675532250
45,mehamn,71.0357,27.8492,267.12,73,85,0.51,NO,1675532250
46,ponta do sol,32.6667,-17.1,291.32,66,38,3.44,PT,1675532251
47,longyearbyen,78.2186,15.6401,261.06,67,20,6.69,SJ,1675532252
48,ewa beach,21.3156,-158.0072,295.98,82,0,1.54,US,1675532189
49,jamestown,42.097,-79.2353,266.22,35,98,3.58,US,1675532197
50,east london,-33.0153,27.9116,298.67,78,0,6.69,ZA,1675531744
51,half moon bay,37.4636,-122.4286,286.67,95,100,4.12,US,1675532166
52,ewo,-0.8725,14.8206,300.93,51,79,1.9,CG,1675532252
53,seymchan,62.8833,152.4333,247.56,96,100,1.11,RU,1675532253
54,opuwo,-18.0607,13.84,299.06,24,89,3.96,NA,1675532253
55,gamba,-2.65,10.0,298.49,84,96,2.11,GA,1675532254
56,souillac,-20.5167,57.5167,299.36,89,40,3.09,MU,1675532111
57,castro,-24.7911,-50.0119,296.68,73,92,5.02,BR,1675532158
58,jackson,42.4165,-122.8345,281.96,82,0,0.0,US,1675531989
59,dikson,73.5069,80.5464,256.18,96,100,1.28,RU,1675532191
60,hilo,19.7297,-155.09,294.6,91,75,2.68,US,1675532112
61,vostok,46.4856,135.8833,251.55,98,99,2.2,RU,1675532217
62,hobart,-42.8794,147.3294,287.18,73,100,5.14,AU,1675532190
63,shimoda,34.6667,138.95,280.45,67,0,2.86,JP,1675532187
64,cidreira,-30.1811,-50.2056,300.06,60,29,5.75,BR,1675531755
65,hambantota,6.1241,81.1185,297.96,86,28,5.67,LK,1675532255
66,port alfred,-33.5906,26.891,297.69,85,34,4.02,ZA,1675532174
67,albertville,34.2676,-86.2089,281.73,40,0,3.09,US,1675532256
68,katsuura,35.1333,140.3,279.71,68,0,5.22,JP,1675532256
69,mahebourg,-20.4081,57.7,299.96,89,40,3.09,MU,1675532257
70,broken hill,-31.95,141.4333,289.98,53,0,4.98,AU,1675532017
71,bud,39.447,-86.1758,277.07,45,8,8.14,US,1675532257
72,kommunisticheskiy,61.6789,64.4819,258.63,97,100,1.6,RU,1675532257
73,kem,64.9555,34.5793,259.2,90,42,3.06,RU,1675532258
74,abay,49.6311,72.8539,265.36,97,99,1.62,KZ,1675532258
75,tall kayf,37.0833,41.0667,278.81,70,100,7.72,TR,1675532259
76,bengkulu,-3.8004,102.2655,297.15,90,82,2.17,ID,1675531500
77,avarua,-21.2078,-159.775,300.18,83,40,5.66,CK,1675532158
78,bethel,41.3712,-73.414,264.27,40,0,2.06,US,1675532224
79,nyazepetrovsk,56.0531,59.6028,255.95,97,47,1.3,RU,1675532259
80,katangli,51.7102,143.2326,246.74,97,16,3.56,RU,1675532260
81,bentiu,9.2333,29.8333,301.3,15,67,2.48,SS,1675532193
82,faanui,-16.4833,-151.75,300.47,73,93,6.77,PF,1675532205
83,taraz,42.9,71.3667,274.38,93,100,3.0,KZ,1675532260
84,qaanaaq,77.484,-69.3632,254.55,63,90,3.24,GL,1675532117
85,chuy,-33.6971,-53.4616,297.53,56,46,7.66,UY,1675532142
86,borogontsy,62.6683,131.1683,235.02,100,96,1.28,RU,1675532261
87,esperance,-33.8667,121.9,291.67,69,0,7.81,AU,1675531487
88,havoysund,70.9963,24.6622,271.28,84,95,3.9,NO,1675532262
89,gallup,35.5281,-108.7426,277.6,54,0,0.45,US,1675532262
90,cayenne,4.9333,-52.3333,298.17,100,100,1.03,GF,1675531982
91,college,64.8569,-147.8028,260.12,81,75,3.09,US,1675532229
92,port lincoln,-34.7333,135.8667,288.05,80,3,1.76,AU,1675532263
93,dzaoudzi,-12.7887,45.2699,301.09,78,0,2.06,YT,1675532263
94,riberalta,-10.9833,-66.1,301.26,74,75,6.17,BO,1675532263
95,kamaishi,39.2667,141.8833,271.72,76,25,3.72,JP,1675532262
96,vila,42.0304,-8.1588,283.64,68,0,2.04,PT,1675532264
97,touros,-5.1989,-35.4608,302.45,65,100,6.69,BR,1675532264
98,mandalgovi,45.7625,106.2708,262.63,45,97,4.8,MN,1675532265
99,goreloye,52.937,41.5043,267.57,96,100,1.94,RU,1675532265
100,cape town,-33.9258,18.4232,298.08,71,0,5.66,ZA,1675532010
101,sarangani,5.4033,125.4636,300.39,75,100,5.93,PH,1675532266
102,abano terme,45.361,11.7914,282.45,88,0,0.89,IT,1675532266
103,lebu,-37.6167,-73.65,292.74,76,34,5.72,CL,1675532234
104,riachao das neves,-11.7461,-44.91,303.32,53,79,2.39,BR,1675532267
105,torbay,47.6666,-52.7314,261.7,76,100,15.95,CA,1675532138
106,umm lajj,25.0213,37.2685,293.41,53,31,4.41,SA,1675532267
107,nishihara,26.1842,127.7558,290.75,75,100,4.12,JP,1675532268
108,arona,28.0996,-16.681,287.44,59,40,3.6,ES,1675532268
109,saskylakh,71.9167,114.0833,229.17,100,58,0.91,RU,1675532197
110,osa,57.2829,55.4567,257.77,97,100,0.77,RU,1675532269
111,severodvinsk,64.5635,39.8302,267.21,98,50,1.84,RU,1675532269
112,koumac,-20.5667,164.2833,299.31,83,81,1.5,NC,1675532270
113,yellowknife,62.456,-114.3525,244.44,69,75,2.57,CA,1675532041
114,popondetta,-8.7537,148.2534,296.72,97,100,0.82,PG,1675532270
115,eureka,40.8021,-124.1637,285.48,74,100,3.13,US,1675532191
116,busselton,-33.65,115.3333,297.24,45,89,3.9,AU,1675532114
117,porto santo,33.072,-16.3415,290.36,63,40,7.72,PT,1675532271
118,paamiut,61.994,-49.6678,261.62,75,100,7.31,GL,1675532246
119,sao gabriel da cachoeira,-0.1303,-67.0892,303.04,70,40,2.06,BR,1675532025
120,gizo,-8.103,156.8419,300.79,76,92,2.86,SB,1675532271
121,navrongo,10.8956,-1.0921,306.45,12,9,2.92,GH,1675532272
122,samarai,-10.6167,150.6667,300.32,78,100,3.39,PG,1675532272
123,morant bay,17.8815,-76.4093,302.43,64,7,5.26,JM,1675532272
124,tiverton,50.9,-3.4833,282.82,82,75,2.57,GB,1675532273
125,daru,-9.0763,143.2092,297.52,95,100,4.86,PG,1675532273
126,banda aceh,5.5577,95.3222,298.26,84,91,0.85,ID,1675532274
127,gorom-gorom,14.4439,-0.2361,303.75,11,42,4.69,BF,1675532274
128,thompson,55.7435,-97.8558,249.24,84,75,2.06,CA,1675532272
129,raymond,43.9015,-70.4703,259.05,28,11,3.55,US,1675532275
130,fortuna,40.5982,-124.1573,285.33,70,0,7.2,US,1675532181
131,nanortalik,60.1432,-45.2371,271.02,86,100,15.04,GL,1675532200
132,churapcha,62.0025,132.4325,235.35,100,100,0.68,RU,1675532275
133,vestmanna,62.1564,-7.1664,276.66,70,100,11.83,FO,1675532276
134,te anau,-45.4167,167.7167,291.56,97,100,1.89,NZ,1675532276
135,fairbanks,64.8378,-147.7164,260.13,82,100,3.09,US,1675532274
136,faya,18.3851,42.4509,287.21,70,71,1.67,SA,1675532277
137,chanika,-5.4167,38.0167,294.15,90,100,3.1,TZ,1675532277
138,zeya,53.75,127.2667,243.96,100,95,1.3,RU,1675532278
139,konza,-1.7426,37.1294,291.97,49,79,5.61,KE,1675532278
140,nea kallikratia,40.3167,23.0667,282.97,53,94,10.41,GR,1675532279
141,zaragoza,41.6561,-0.8773,287.4,28,0,11.83,ES,1675532279
142,victoria,22.2855,114.1577,291.18,83,100,3.58,HK,1675532189
143,sechura,-5.5569,-80.8222,302.8,50,96,4.96,PE,1675532280
144,kuraymah,18.55,31.85,294.58,12,34,5.0,SD,1675532280
145,songjianghe,42.1859,127.479,258.29,86,6,3.04,CN,1675532280
146,beloha,-25.1667,45.05,296.74,81,88,7.29,MG,1675532204
147,yongchang,30.0381,119.7317,278.47,96,100,0.92,CN,1675532281
148,myitkyina,25.3833,97.4,290.07,50,5,1.3,MM,1675532281
149,weligama,5.9667,80.4167,297.54,90,40,0.72,LK,1675532267
150,ambilobe,-13.2,49.05,297.3,91,68,0.72,MG,1675532232
151,tuktoyaktuk,69.4541,-133.0374,231.15,66,0,1.03,CA,1675532207
152,lompoc,34.6391,-120.4579,289.14,78,0,3.09,US,1675532282
153,egvekinot,66.3167,-179.1667,239.22,88,13,6.43,RU,1675532283
154,krasnoselkup,65.7,82.4667,258.31,98,91,3.48,RU,1675532283
155,tiksi,71.6872,128.8694,247.32,99,100,1.6,RU,1675532206
156,sao filipe,14.8961,-24.4956,296.19,62,85,6.54,CV,1675532276
157,alice springs,-23.7,133.8833,286.9,82,1,0.0,AU,1675532284
158,los llanos de aridane,28.6585,-17.9182,289.01,71,40,4.12,ES,1675532285
159,labuhan,-6.8844,112.2051,298.6,85,100,3.09,ID,1675532285
160,luderitz,-26.6481,15.1594,291.87,79,19,8.67,NA,1675532185
161,deputatskiy,69.3,139.9,238.74,98,100,1.81,RU,1675532143
162,kadoma,34.7333,135.5833,277.69,61,13,2.06,JP,1675532286
163,lorengau,-2.0226,147.2712,300.05,73,100,1.14,PG,1675532286
164,pafos,34.7667,32.4167,286.03,50,75,7.2,CY,1675532287
165,guerrero negro,27.9769,-114.0611,292.04,46,0,2.54,MX,1675532236
166,bad segeberg,53.9333,10.3167,275.25,86,94,2.51,DE,1675532287
167,katunino,64.3862,40.6298,267.09,100,76,1.21,RU,1675532288
168,bambari,5.768,20.6757,304.0,12,62,1.32,CF,1675532288
169,balikpapan,-1.2675,116.8289,299.7,89,20,2.06,ID,1675532289
170,kavaratti,10.5669,72.642,300.5,71,48,3.43,IN,1675532216
171,nikolskoye,59.7035,30.7861,271.09,93,100,4.01,RU,1675532195
172,cherskiy,68.75,161.3,235.64,100,94,2.02,RU,1675532199
173,kenai,60.5544,-151.2583,268.79,93,100,3.09,US,1675532290
174,cap-aux-meules,47.3821,-61.8597,256.18,85,100,18.01,CA,1675532290
175,fare,-16.7,-151.0167,300.49,72,73,7.19,PF,1675532291
176,ormara,25.2088,64.6357,295.19,80,0,4.64,PK,1675531768
177,kovvur,17.0167,81.7333,292.9,81,2,0.97,IN,1675532292
178,tautira,-17.7333,-149.15,299.97,76,70,6.56,PF,1675532292
179,mar del plata,-38.0023,-57.5575,298.05,61,0,6.26,AR,1675532106
180,talnakh,69.4865,88.3972,258.68,96,100,2.73,RU,1675532202
181,eyl,7.9803,49.8164,296.65,68,40,7.42,SO,1675532293
182,buala,-8.145,159.5921,299.47,84,98,1.81,SB,1675532252
183,clyde river,70.4692,-68.5914,242.28,69,75,3.09,CA,1675532051
184,codrington,-38.2667,141.9667,287.69,80,99,3.47,AU,1675532202
185,micheweni,-4.9667,39.8333,300.35,77,94,4.22,TZ,1675532294
186,bathsheba,13.2167,-59.5167,302.49,65,40,10.29,BB,1675531739
187,hervey bay,-25.2986,152.8535,298.56,86,72,3.23,AU,1675532294
188,thinadhoo,0.5333,72.9333,300.37,70,53,6.39,MV,1675532295
189,bredasdorp,-34.5322,20.0403,295.84,79,1,1.42,ZA,1675532186
190,ugoofaaru,5.6667,73.0,300.22,72,100,1.88,MV,1675532295
191,comodoro rivadavia,-45.8667,-67.5,296.07,49,0,4.63,AR,1675532282
192,carutapera,-1.195,-46.02,300.71,80,70,4.63,BR,1675532260
193,georgetown,5.4112,100.3354,299.12,94,20,0.0,MY,1675532183
194,nanchang,28.6833,115.8833,281.11,93,100,1.31,CN,1675532296
195,khandyga,62.6667,135.6,230.48,100,88,0.75,RU,1675532296
196,nicoya,10.1483,-85.452,305.97,34,34,8.27,CR,1675532297
197,smithers,54.7804,-127.1743,274.33,93,100,3.09,CA,1675532090
198,warburton,31.55,73.8333,287.39,53,1,2.53,PK,1675532297
199,rocha,-34.4833,-54.3333,296.34,62,25,8.69,UY,1675532298
200,edd,13.9297,41.6925,297.79,84,37,3.21,ER,1675532299
201,kiunga,-6.1219,141.2906,296.03,99,100,1.01,PG,1675532299
202,airai,-8.9266,125.4092,288.88,94,100,0.99,TL,1675532205
203,butaritari,3.0707,172.7902,300.6,81,80,8.83,KI,1675532179
204,hay river,60.8156,-115.7999,252.14,71,75,2.57,CA,1675532300
205,loa janan,-0.583,117.095,295.74,95,100,0.77,ID,1675532300
206,grand gaube,-20.0064,57.6608,300.03,74,76,1.34,MU,1675532301
207,asyut,27.181,31.1837,289.25,42,70,3.09,EG,1675532302
208,mosetse,-20.75,26.65,295.32,75,90,1.11,BW,1675532302
209,norman wells,65.282,-126.8329,245.17,69,75,0.0,CA,1675532303
210,constitucion,-35.3333,-72.4167,293.77,72,52,4.48,CL,1675531755
211,tarakan,3.3,117.6333,299.24,77,90,1.37,ID,1675532303
212,marzuq,14.4,46.4667,291.75,74,30,2.69,YE,1675532219
213,forio,40.7342,13.8646,286.0,50,7,17.58,IT,1675532304
214,beringovskiy,63.05,179.3167,243.07,94,38,6.22,RU,1675532305
215,kota belud,6.351,116.4305,296.63,84,65,2.42,MY,1675532305
216,klaeng,12.7797,101.6483,302.56,99,25,2.08,TH,1675532306
217,tura,25.5198,90.2201,288.25,47,1,1.04,IN,1675532214
218,akyab,20.15,92.9,292.51,61,27,5.27,MM,1675532307
219,margate,51.3813,1.3862,282.54,76,100,1.34,GB,1675532216
220,mpika,-11.8343,31.4529,290.29,97,44,1.18,ZM,1675532307
221,vrangel,42.7297,133.0839,265.12,67,4,2.07,RU,1675532308
222,nalut,30.3333,10.85,286.29,42,70,9.5,LY,1675532308
223,san juan,-31.5375,-68.5364,303.87,24,18,4.71,AR,1675532035
224,magadan,59.5667,150.8,248.78,84,87,2.95,RU,1675532298
225,hamilton,39.1834,-84.5333,277.4,40,0,6.69,US,1675532288
226,teya,60.3778,92.6267,263.27,97,100,1.52,RU,1675532309
227,nola,40.922,14.5329,286.07,38,2,7.53,IT,1675532282
228,senneterre,48.3835,-77.2328,255.17,93,100,4.92,CA,1675532310
229,oranjestad,12.524,-70.027,303.12,62,20,9.77,AW,1675532188
230,acapulco,16.8634,-99.8901,305.05,29,0,0.0,MX,1675532100
231,kabalo,-6.05,26.9167,294.62,97,100,2.18,CD,1675532311
232,bowen,-20.0167,148.2333,299.85,87,95,4.8,AU,1675532311
233,russell,32.3502,-85.1999,285.6,35,0,3.09,US,1675532254
234,belaya gora,68.5333,146.4167,237.62,100,100,2.11,RU,1675532311
235,kaeo,-35.1,173.7833,293.33,94,84,2.18,NZ,1675532312
236,de-kastri,51.4667,140.7833,248.99,99,40,1.98,RU,1675532312
237,quatre cocos,-20.2078,57.7625,299.87,79,94,4.94,MU,1675531774
238,gimli,50.6336,-96.9907,258.16,78,100,2.57,CA,1675532108
239,yatou,37.15,122.3833,272.94,59,0,1.62,CN,1675532313
240,caravelas,-17.7125,-39.2481,303.51,60,3,5.75,BR,1675532196
241,kapit,2.0167,112.9333,295.37,99,100,0.32,MY,1675532314
242,port-gentil,-0.7193,8.7815,301.13,83,40,5.66,GA,1675532314
243,tapes,-30.6733,-51.3958,300.95,49,57,4.61,BR,1675532315
244,tymovskoye,50.8456,142.655,244.2,96,13,0.92,RU,1675532315
245,valle hermoso,25.6667,-97.8333,293.65,56,17,2.87,MX,1675532316
246,tignere,7.3667,12.65,297.41,18,93,2.15,CM,1675532316
247,talcahuano,-36.7167,-73.1167,290.97,82,100,4.63,CL,1675532317
248,sucha beskidzka,49.7419,19.5943,272.37,97,88,5.12,PL,1675532317
249,mehran,33.1222,46.1646,285.25,43,8,3.52,IR,1675532317
250,sao joao da barra,-21.6403,-41.0511,306.2,76,13,4.96,BR,1675532318
251,sterling,39.0062,-77.4286,272.01,32,20,4.63,US,1675532137
252,faridkot,30.6667,74.75,286.71,51,0,2.03,IN,1675532318
253,saint-pierre,-21.3393,55.4781,299.97,74,0,5.14,RE,1675532319
254,calamar,10.2511,-74.9146,307.93,32,28,1.51,CO,1675532319
255,tutoia,-2.7619,-42.2744,302.01,71,63,6.25,BR,1675532319
256,severo-kurilsk,50.6789,156.125,269.74,72,100,3.35,RU,1675532223
257,pontal do parana,-25.6533,-48.5128,305.36,71,98,1.81,BR,1675532321
258,bambous virieux,-20.3428,57.7575,299.94,89,40,3.09,MU,1675532118
259,vila velha,-20.3297,-40.2925,306.12,68,20,7.72,BR,1675532260
260,derzhavinsk,51.1,66.3167,255.8,92,12,4.53,KZ,1675532322
261,mount isa,-20.7333,139.5,294.02,46,16,4.12,AU,1675532322
262,saint anthony,45.0205,-93.218,268.52,65,100,3.6,US,1675532245
263,hirara,24.8,125.2833,293.62,71,90,7.04,JP,1675532250
264,cap malheureux,-19.9842,57.6142,300.08,74,76,1.34,MU,1675532323
265,kodiak,57.79,-152.4072,265.88,93,0,3.09,US,1675532007
266,kardamaina,36.7814,27.1425,281.86,71,75,1.54,GR,1675532323
267,mayor pablo lagerenza,-19.9309,-60.7718,309.22,27,66,1.74,PY,1675532324
268,guapo,-16.8306,-49.5319,303.36,59,100,1.66,BR,1675532324
269,lavrentiya,65.5833,-171.0,246.82,94,74,3.22,RU,1675531745
270,pangkalanbuun,-2.6833,111.6167,296.55,96,98,1.05,ID,1675532325
271,ostrovnoy,68.0531,39.5131,264.63,84,99,4.11,RU,1675532217
272,aleksandrov gay,50.147,48.5704,268.48,94,97,1.75,RU,1675532325
273,mount gambier,-37.8333,140.7667,286.66,83,69,1.54,AU,1675532270
274,narrabri,-30.3167,149.7833,288.44,50,0,0.45,AU,1675532326
275,komsomolskiy,40.4272,71.7189,278.55,81,89,3.09,UZ,1675532206
276,mataram,-8.5833,116.1167,297.6,90,100,0.96,ID,1675532326
277,oostkamp,51.1188,3.231,282.65,87,94,3.13,BE,1675532327
278,sitka,57.0531,-135.33,274.09,86,100,1.54,US,1675531760
279,verkhoyansk,67.5447,133.385,233.81,99,100,0.87,RU,1675532327
280,saldanha,-33.0117,17.9442,294.18,95,43,7.33,ZA,1675531764
281,elizabeth city,36.2946,-76.2511,274.16,45,0,2.06,US,1675532328
282,mackay,-21.15,149.2,299.64,85,100,1.97,AU,1675532328
283,la sarre,48.8002,-79.1996,257.1,93,100,6.15,CA,1675532329
284,ziguinchor,12.5833,-16.2719,308.26,36,0,2.06,SN,1675532329
285,toba,34.4833,136.85,280.15,65,10,9.32,JP,1675532329
286,vardo,70.3705,31.1107,263.14,85,100,5.14,NO,1675532201
287,bethanien,-26.502,17.1583,303.48,18,74,8.16,NA,1675532330
288,poum,-20.2333,164.0167,300.48,80,89,3.74,NC,1675532330
289,tilichiki,60.4667,166.1,245.67,97,48,3.94,RU,1675532296
290,port hedland,-20.3167,118.5667,300.18,74,20,4.12,AU,1675532331
291,tabou,4.423,-7.3528,301.18,78,29,4.85,CI,1675532332
292,namtsy,62.7161,129.6658,240.35,100,100,0.94,RU,1675532332
293,santa maria,-29.6842,-53.8069,298.76,53,75,4.12,BR,1675532332
294,antofagasta,-23.65,-70.4,297.75,65,25,3.62,CL,1675532333
295,upernavik,72.7868,-56.1549,251.79,96,100,4.23,GL,1675532114
296,korla,41.7597,86.1469,269.83,70,70,1.81,CN,1675532191
297,nexo,55.0607,15.1306,271.2,58,12,6.17,DK,1675532333
298,cururupu,-1.8283,-44.8683,299.96,89,74,3.22,BR,1675532334
299,turayf,31.6725,38.6637,282.29,61,40,4.12,SA,1675532334
300,wanning,18.8003,110.3967,295.13,94,100,3.6,CN,1675532335
301,hasaki,35.7333,140.8333,276.05,59,0,8.11,JP,1675531736
302,north bend,43.4065,-124.2243,284.86,90,0,2.57,US,1675532327
303,northam,51.0333,-4.2167,282.81,90,100,3.28,GB,1675532335
304,aswan,24.0934,32.907,291.76,34,0,4.12,EG,1675532244
305,lhokseumawe,5.1801,97.1507,297.65,87,68,1.2,ID,1675532336
306,ahuimanu,21.4447,-157.8378,295.85,94,100,1.34,US,1675532183
307,teguldet,57.3064,88.1667,251.34,100,99,0.46,RU,1675532336
308,qaqortoq,60.7167,-46.0333,271.57,68,100,9.12,GL,1675532337
309,omsukchan,62.5333,155.8,243.48,97,100,1.87,RU,1675532337
310,evinayong,1.4368,10.5512,294.94,95,60,2.28,GQ,1675532338
311,raudeberg,61.9875,5.1352,276.96,74,100,12.86,NO,1675532338
312,necochea,-38.5473,-58.7368,296.71,41,0,4.7,AR,1675532338
313,pyay,18.8167,95.2167,295.5,41,17,1.35,MM,1675532339
314,kaitangata,-46.2817,169.8464,292.74,78,84,2.38,NZ,1675532178
315,tonj,7.2737,28.6822,301.84,17,60,1.92,SS,1675532339
316,rabo de peixe,37.8,-25.5833,289.88,77,40,5.14,PT,1675532339
317,tsumeb,-19.2333,17.7167,296.42,67,93,2.83,NA,1675532340
318,krasnyy chikoy,50.3643,108.7512,254.4,100,99,1.0,RU,1675532340
319,riyadh,24.6877,46.7219,289.23,42,0,5.58,SA,1675532218
320,kalmunai,7.4167,81.8167,297.64,90,64,3.66,LK,1675532280
321,kruisfontein,-34.0033,24.7314,295.19,75,67,2.92,ZA,1675532199
322,prince rupert,54.3161,-130.3201,280.98,85,100,12.86,CA,1675532341
323,pacifica,37.6138,-122.4869,286.21,93,100,4.12,US,1675532342
324,shellbrook,53.2168,-106.4011,263.72,93,100,1.42,CA,1675532342
325,yilan,24.757,121.753,292.24,99,100,1.31,TW,1675532342
326,auki,-8.7676,160.7034,299.28,86,98,2.01,SB,1675532335
327,chegdomyn,51.1167,133.0167,242.34,100,73,0.43,RU,1675532343
328,portland,45.5234,-122.6762,282.47,90,100,4.12,US,1675532320
329,luangwa,-15.6167,30.4167,298.01,81,91,0.33,ZM,1675532077
330,san policarpo,12.1791,125.5072,299.04,85,78,6.76,PH,1675532344
331,gold coast,-28.0,153.4333,298.25,94,99,2.57,AU,1675532344
332,ancud,-41.8697,-73.8203,294.43,64,23,2.83,CL,1675532220
333,klaksvik,62.2266,-6.589,277.66,67,58,13.22,FO,1675532111
334,taoudenni,22.6783,-3.9836,292.08,25,100,6.14,ML,1675532192
335,concordia,-31.393,-58.0209,301.19,36,75,6.17,AR,1675532345
336,tazovskiy,67.4667,78.7,257.35,97,98,2.53,RU,1675532266
337,prince george,53.9166,-122.753,275.84,88,75,5.14,CA,1675532345
338,asau,46.4333,26.4,271.66,95,100,4.95,RO,1675532215
339,pitmedden,57.3369,-2.1802,280.13,78,75,7.2,GB,1675532346
340,mogadishu,2.0371,45.3438,297.99,76,28,9.8,SO,1675532200
341,olawa,50.9466,17.2926,274.23,77,85,5.9,PL,1675532347
342,pital,2.2665,-75.8044,302.66,37,28,1.56,CO,1675532347
343,balsta,59.5671,17.5278,266.97,75,9,2.18,SE,1675532348
344,kudahuvadhoo,2.6708,72.8944,299.74,68,17,4.43,MV,1675532348
345,avera,33.194,-82.5271,280.88,33,0,3.42,US,1675532349
346,axim,4.8699,-2.2405,300.13,79,64,4.65,GH,1675532349
347,maniitsoq,65.4167,-52.9,255.77,82,46,5.65,GL,1675532350
348,charters towers,-20.1,146.2667,297.23,91,100,3.37,AU,1675532350
349,ust-barguzin,53.45,108.9833,254.03,98,85,0.77,RU,1675532351
350,barwani,22.0333,74.9,294.22,25,0,1.44,IN,1675532351
351,port elizabeth,-33.918,25.5701,296.66,92,20,7.72,ZA,1675532282
352,waipawa,-41.4122,175.5153,291.16,88,39,3.24,NZ,1675532279
353,flin flon,54.7682,-101.865,255.06,78,100,0.0,CA,1675532352
354,narsaq,60.9167,-46.05,271.27,63,100,4.54,GL,1675532181
355,puerto narino,-3.7703,-70.3831,295.68,99,100,1.43,CO,1675532226
356,iqaluit,63.7506,-68.5145,238.0,66,20,7.2,CA,1675531772
357,alofi,-19.0595,-169.9187,298.09,88,100,1.54,NU,1675532287
358,progreso,21.2833,-89.6667,296.21,75,46,7.73,MX,1675532353
359,waingapu,-9.6567,120.2641,297.65,88,100,2.52,ID,1675532353
360,phuthaditjhaba,-28.5242,28.8158,289.0,89,85,2.36,ZA,1675532353
361,turukhansk,65.8167,87.9833,259.81,96,100,2.0,RU,1675532227
362,aloleng,16.1307,119.7824,297.34,74,69,3.73,PH,1675532354
363,bonfim,3.0833,-59.95,305.1,45,98,2.19,BR,1675532354
364,yaan,7.3833,8.5667,307.06,12,68,0.52,NG,1675532355
365,the valley,18.217,-63.0578,300.83,78,75,8.75,AI,1675532167
366,japura,-0.3167,102.35,296.46,97,100,1.07,ID,1675532355
367,mana,5.6592,-53.7767,299.3,84,50,5.87,GF,1675532356
368,waldshut-tiengen,47.6232,8.2172,280.46,91,95,1.39,DE,1675532356
369,namibe,-15.1961,12.1522,295.51,77,95,4.84,AO,1675532199
370,pisco,-13.7,-76.2167,296.18,88,75,4.12,PE,1675532127
371,haapiti,-17.5667,-149.8667,301.0,73,81,5.93,PF,1675532357
372,rock sound,24.9,-76.2,296.9,75,7,6.32,BS,1675532358
373,kijang,35.2442,129.2139,271.0,45,9,2.0,KR,1675532358
374,manbij,36.5281,37.9549,274.92,94,100,3.43,SY,1675532359
375,richards bay,-28.783,32.0377,295.89,86,0,1.8,ZA,1675532359
376,nago,26.5881,127.9761,289.62,75,100,4.69,JP,1675532359
377,ialibu,-6.2821,143.9935,286.65,98,100,0.89,PG,1675532361
378,baffa,34.4378,73.2194,283.25,56,12,2.96,PK,1675532361
379,santona,43.4439,-3.4576,283.75,82,10,2.48,ES,1675532344
380,buraydah,26.326,43.975,290.4,34,0,4.32,SA,1675532209
381,bulawayo,-20.15,28.5833,293.65,75,87,4.56,ZW,1675532362
382,iranshahr,27.2025,60.6848,293.34,42,0,2.06,IR,1675532363
383,makaryev,57.8797,43.8069,265.92,98,99,1.42,RU,1675532363
384,broome,42.2506,-75.833,262.64,60,92,3.62,US,1675532319
385,klaipeda,55.7172,21.1175,270.18,70,53,6.98,LT,1675532364
386,sorong,-0.8833,131.25,297.54,93,100,2.68,ID,1675532364
387,luzhou,28.8724,105.4405,286.1,69,55,1.56,CN,1675532365
388,jambi,-1.6,103.6167,296.23,98,100,1.32,ID,1675532348
389,neiafu,-18.65,-173.9833,298.53,88,75,2.57,TO,1675532260
390,madre de deus,-12.7408,-38.6208,304.18,54,11,6.29,BR,1675532366
391,anito,12.4497,125.2886,297.84,91,91,5.21,PH,1675532370
392,ixtapa,20.7,-105.2,297.72,69,20,0.0,MX,1675532305
393,berbera,10.4396,45.0143,296.79,71,45,1.81,SO,1675532370
394,kaz,52.9113,87.3105,256.85,100,100,0.98,RU,1675532371
395,berlevag,70.8578,29.0864,267.15,79,75,3.6,NO,1675532371
396,kongoussi,13.3258,-1.5347,304.42,11,23,4.96,BF,1675532372
397,loxstedt,53.4667,8.65,277.56,80,100,2.58,DE,1675532372
398,seddon,-37.8068,144.8916,289.12,82,40,4.63,AU,1675532373
399,knysna,-34.0363,23.0471,295.95,78,67,1.23,ZA,1675532373
400,pevek,69.7008,170.3133,235.78,100,79,2.03,RU,1675532249
401,graaff-reinet,-32.2522,24.5308,294.77,82,65,5.48,ZA,1675532374
402,whitehorse,60.7161,-135.0538,260.58,85,100,4.63,CA,1675532374
403,mersing,2.4312,103.8405,299.1,89,40,5.14,MY,1675532375
404,kargasok,59.0556,80.8572,255.33,100,96,1.83,RU,1675532375
405,port-cartier,50.0334,-66.8654,253.57,72,99,10.14,CA,1675532376
406,yining,29.0361,114.5636,279.54,96,93,0.13,CN,1675532376
407,yatsushiro,32.5,130.6,274.92,59,85,2.05,JP,1675532376
408,orasac,44.6289,16.0711,272.48,78,16,6.28,BA,1675532377
409,kloulklubed,7.0419,134.2556,298.43,82,51,7.66,PW,1675532377
410,hofn,64.2539,-15.2082,273.73,58,16,7.24,IS,1675532149
411,saint-augustin,51.226,-58.6502,259.23,93,100,12.81,CA,1675532247
412,urumqi,43.801,87.6005,264.68,79,100,1.0,CN,1675532041
413,henties bay,-22.116,14.2845,291.57,83,100,3.45,NA,1675532141
414,bilma,18.6853,12.9164,298.71,13,82,2.72,NE,1675532240
415,leningradskiy,69.3833,178.4167,240.35,98,99,2.05,RU,1675532310
416,bol,13.4586,14.7147,298.47,49,65,2.42,TD,1675532378
417,ambulu,-8.345,113.6058,297.46,89,100,1.62,ID,1675532379
418,talara,-4.5772,-81.2719,304.57,51,0,5.66,PE,1675532379
419,shelburne,44.0787,-80.2041,262.17,83,100,8.28,CA,1675532301
420,chaihe,44.7667,129.7,256.74,97,99,2.04,CN,1675532380
421,tacoronte,28.4769,-16.4102,287.22,80,40,4.63,ES,1675532380
422,maues,-3.3836,-57.7186,302.25,71,100,1.56,BR,1675532380
423,bandar,2.05,99.75,295.61,98,100,1.06,ID,1675532381
424,brigantine,39.4101,-74.3646,269.34,36,0,1.34,US,1675532364
425,port hardy,50.6996,-127.4199,280.25,93,75,11.32,CA,1675532270
426,inyonga,-6.7167,32.0667,292.47,90,66,0.77,TZ,1675532381
427,chapais,49.7834,-74.8492,246.03,81,63,3.76,CA,1675532084
428,bulancak,40.9372,38.2291,279.05,87,75,1.03,TR,1675532382
429,gat,31.61,34.7642,285.59,100,19,2.9,IL,1675532382
430,wonosari,-7.9656,110.6036,296.58,89,99,0.7,ID,1675532383
431,ternate,0.8,127.4,299.09,80,100,3.49,ID,1675532383
432,pangnirtung,66.1451,-65.7125,236.15,67,0,1.03,CA,1675532199
433,berdigestyakh,62.0989,126.6992,241.65,100,99,1.11,RU,1675532384
434,coahuayana,18.7333,-103.6833,305.14,27,0,2.67,MX,1675532384
435,bantou,26.2151,117.4893,285.6,98,100,1.21,CN,1675532384
436,tabuk,17.4189,121.4443,292.08,89,84,1.42,PH,1675532273
437,lensk,60.7253,114.9278,251.23,99,100,0.67,RU,1675532385
438,clarksville,36.5298,-87.3595,279.95,39,0,5.14,US,1675532277
439,correntina,-13.3433,-44.6367,303.19,53,65,1.67,BR,1675532386
440,arlit,18.7369,7.3853,300.05,11,41,4.78,NE,1675532386
441,port hueneme,34.1478,-119.1951,292.84,53,0,2.06,US,1675532117
442,mmabatho,-25.85,25.6333,299.13,50,40,1.03,ZA,1675532387
443,sola,-13.8833,167.55,300.83,76,98,4.15,VU,1675532387
444,yenagoa,4.9247,6.2642,301.97,67,95,5.04,NG,1675532387
445,adrar,20.5022,-10.0711,293.17,13,94,4.82,MR,1675532218
446,ariquemes,-9.9133,-63.0408,300.8,80,100,1.27,BR,1675532388
447,hualmay,-11.0964,-77.6139,298.44,69,70,3.95,PE,1675532333
448,roma,43.2128,-75.4557,259.64,59,75,2.06,US,1675532388
449,taft,31.7471,54.2088,279.12,39,0,1.03,IR,1675532389
450,tezu,27.9167,96.1667,289.94,28,4,2.05,IN,1675532389
451,zhanaozen,43.3,52.8,271.82,85,39,3.39,KZ,1675532390
452,kabompo,-13.5927,24.2008,292.68,96,98,2.4,ZM,1675532391
453,cabedelo,-6.9811,-34.8339,303.52,71,88,5.9,BR,1675532246
454,dombarovskiy,50.7587,59.5386,255.7,83,47,4.07,RU,1675532391
455,moose factory,51.2585,-80.6094,258.15,78,100,6.17,CA,1675532224
456,goderich,43.7501,-81.7165,266.99,73,82,11.32,CA,1675532268
457,grand-santi,4.25,-54.3833,299.38,92,82,1.94,GF,1675532392
458,conde,-7.2597,-34.9075,302.85,62,75,5.66,BR,1675532234
459,batabano,22.7164,-82.2881,297.49,55,12,5.31,CU,1675532392
460,nome,64.5011,-165.4064,260.19,85,100,3.6,US,1675532347
461,riachao do jacuipe,-11.8069,-39.3856,310.78,23,21,3.85,BR,1675532393
462,porto novo,6.4965,2.6036,303.05,78,88,5.06,BJ,1675532008
463,roros,62.5747,11.3842,260.06,85,100,0.0,NO,1675532394
464,bagdarin,54.4333,113.6,248.79,94,7,1.99,RU,1675532394
465,adre,13.4667,22.2,298.18,12,85,4.12,TD,1675532394
466,oriximina,-1.7656,-55.8661,301.83,70,98,1.23,BR,1675532395
467,nioro,13.35,-15.75,309.09,8,54,3.62,GM,1675532395
468,olinda,-8.0089,-34.8553,304.0,62,40,6.69,BR,1675532395
469,vanimo,-2.6741,141.3028,298.21,88,100,0.98,PG,1675532233
470,viedma,-40.8135,-62.9967,308.52,18,0,5.3,AR,1675532354
471,onverwacht,5.5833,-55.1833,305.15,58,40,5.66,SR,1675532396
472,xining,36.6167,101.7667,271.08,34,23,0.92,CN,1675532319
473,aykhal,66.0,111.5,236.92,100,100,1.07,RU,1675532203
474,biak,-0.9131,122.8766,297.57,81,98,1.7,ID,1675532314
475,manaquiri,-3.3167,-60.35,298.42,85,100,0.09,BR,1675532397
476,coquimbo,-29.9533,-71.3436,293.0,77,75,4.12,CL,1675532319
477,panguiranan,12.0699,123.3185,297.49,91,94,5.73,PH,1675532397
478,itanagar,27.1,93.6167,288.75,45,1,1.81,IN,1675532398
479,katakwi,1.8911,33.9661,300.96,23,99,5.97,UG,1675532398
480,nizwa,22.9333,57.5333,295.77,51,4,0.69,OM,1675532399
481,saint-georges,12.0564,-61.7485,298.97,89,75,6.17,GD,1675532399
482,arman,59.7,150.1667,247.29,87,88,3.69,RU,1675532219
483,san cristobal,7.7669,-72.225,298.25,37,70,2.85,VE,1675532291
484,palafrugell,41.9174,3.1631,294.57,43,0,5.65,ES,1675532400
485,bonthe,7.5264,-12.505,301.37,70,14,5.87,SL,1675532400
486,groningen,53.25,6.75,279.28,81,84,2.57,NL,1675532400
487,tokur,53.1333,132.9,246.7,100,100,0.84,RU,1675532401
488,ilhabela,-23.7781,-45.3581,303.74,61,97,0.74,BR,1675532402
489,lagoa,39.05,-27.9833,288.34,85,6,6.93,PT,1675532186
490,miraflores,19.2167,-98.8083,290.36,35,0,1.8,MX,1675532403
491,jibuti,11.5,42.5,295.41,69,10,5.58,DJ,1675532403
492,lysva,58.1086,57.8053,258.68,97,100,0.76,RU,1675532337
493,tessalit,20.1986,1.0114,293.37,11,20,4.91,ML,1675532339
494,altamont,42.2068,-121.7372,278.58,75,0,2.57,US,1675532404
495,carupano,10.6678,-63.2585,300.41,69,27,6.43,VE,1675532334
496,hovd,48.0056,91.6419,258.18,80,9,0.86,MN,1675532331
497,kogon,39.7228,64.5517,277.17,100,100,0.0,UZ,1675532405
498,simdega,22.6167,84.5167,288.44,23,15,1.87,IN,1675532405
499,sal rei,16.1833,-22.9167,297.26,53,83,8.23,CV,1675532406
500,qeshm,26.9581,56.2719,293.08,67,0,6.96,IR,1675532407
501,nantucket,41.2835,-70.0995,260.98,47,0,9.26,US,1675532241
502,miyako,39.6367,141.9525,271.13,78,34,3.38,JP,1675532407
503,santiago,-33.4569,-70.6483,306.64,32,0,4.63,CL,1675532345
504,batagay-alyta,67.8006,130.4114,234.56,91,68,1.78,RU,1675532408
505,inirida,3.8653,-67.9239,307.54,41,83,0.19,CO,1675532408
506,chingirlau,51.095,54.0814,261.52,88,100,4.48,KZ,1675532408
507,petropavlovsk-kamchatskiy,53.0452,158.6483,256.48,72,0,4.0,RU,1675532409
508,ciudad valles,21.9833,-99.0167,294.79,37,18,0.7,MX,1675532409
509,capao da canoa,-29.7456,-50.0097,300.02,63,3,5.44,BR,1675532410
510,nuuk,64.1835,-51.7216,261.49,72,20,10.29,GL,1675532311
511,zaozerne,45.1582,33.2787,277.98,72,100,4.87,UA,1675532322
512,muroto,33.2833,134.15,281.75,63,46,2.69,JP,1675532411
513,hellin,38.5106,-1.701,284.71,31,0,4.79,ES,1675532411
514,kyabe,9.4515,18.9449,303.65,12,20,2.08,TD,1675532412
515,mocuba,-16.8392,36.9856,297.63,77,42,1.98,MZ,1675532412
516,la ronge,55.1001,-105.2842,259.29,78,100,0.0,CA,1675532344
517,srednekolymsk,67.45,153.6833,239.07,100,100,1.71,RU,1675532413
518,nara,34.6851,135.8049,277.31,44,22,0.98,JP,1675532244
519,kuah,6.3265,99.8432,301.14,69,20,2.57,MY,1675532413
520,atar,20.5169,-13.0499,296.98,10,93,5.1,MR,1675532319
521,esil,51.9556,66.4042,255.55,88,11,3.29,KZ,1675532415
522,jalu,29.0331,21.5482,287.4,49,100,3.36,LY,1675532316
523,faxinal,-24.0003,-51.3194,296.67,73,98,3.31,BR,1675532416
524,marshall,34.3834,-86.3333,283.32,43,0,3.09,US,1675532416
525,wanaka,-44.7,169.15,291.42,96,100,2.93,NZ,1675532416
526,oussouye,12.485,-16.5469,308.25,28,78,6.02,SN,1675532417
527,sur,22.5667,59.5289,294.62,67,8,0.94,OM,1675532417
528,formosa do rio preto,-11.0483,-45.1931,300.88,73,90,1.16,BR,1675532418
529,vilcun,-38.65,-72.2333,308.56,9,3,3.23,CL,1675532419
530,arawa,-6.2132,155.5367,297.7,94,97,1.17,PG,1675532419
531,vilyuysk,63.7553,121.6247,242.54,98,100,2.32,RU,1675532420
532,anadyr,64.75,177.4833,243.43,76,0,3.0,RU,1675532416
533,genhe,50.7833,121.5167,241.54,100,99,0.48,CN,1675532420
534,jinxi,30.4323,116.2922,280.76,82,100,1.58,CN,1675532421
535,nabire,-3.3667,135.4833,297.0,96,100,0.64,ID,1675532321
536,uray,60.1247,64.7758,258.59,97,90,2.07,RU,1675532421
537,puerto escondido,15.85,-97.0667,302.61,70,0,2.06,MX,1675532422
538,green river,41.5286,-109.4662,271.37,68,22,1.38,US,1675532422
539,tulum,20.2167,-87.4667,298.41,80,27,2.82,MX,1675532051
540,puerto lopez,4.0845,-72.956,308.97,24,22,4.08,CO,1675532423
541,emba,48.8264,58.1442,258.76,89,58,4.47,KZ,1675532423
542,fernley,39.608,-119.2518,282.03,70,100,0.45,US,1675532424
543,golpayegan,33.4537,50.2884,269.86,61,0,2.26,IR,1675532424
544,caluquembe,-13.7833,14.6833,291.28,80,99,1.31,AO,1675532425
545,syumsi,57.1111,51.6149,265.55,97,100,1.13,RU,1675532425
